,price,weather_TAVG,weather_TMAX,weather_TMIN,weather_PRCP,weather_SNOW,weather_AWND,storage,HDD,CDD,price_sma5,price_sma20,price_rs,storage_change
2024-04-17,3.168994185286199,53.94657818847111,57.72175653475353,49.56234787873581,0.0,0.0,0.4426315467534998,554.5753686744188,11.053421811528892,0.0,3.2816823884422583,3.5013504824949466,0.9372618950456625,0.0
2024-04-18,3.2531347507657546,56.1643205711727,58.242546513865996,48.730532175902596,0.0,0.0,1.9653028914629287,507.6588429629157,8.835679428827298,0.0,3.2592448742384312,3.4901810120004297,0.9338326187186391,-46.916525711503084
2024-04-19,3.2357898120808244,55.14909423492882,59.991502875382594,47.88700174526098,0.0,0.0,1.223029308866478,507.6588429629157,9.850905765071182,0.0,3.2462520178727794,3.478749005507967,0.9331664954076678,-46.916525711503084
2024-04-20,3.236043143706362,61.83480748917078,68.26104111071372,55.69062346247781,0.0,0.0,5.9095710891027,507.6588429629157,3.165192510829222,0.0,3.230298531972239,3.4655765180152662,0.9321100010864077,-46.916525711503084
2024-04-21,3.1467598918778172,53.46143132478543,55.80894595930967,48.5590973380854,0.0,0.0,7.580495600755247,507.6588429629157,11.53856867521457,0.0,3.2081443567433916,3.4435606963947007,0.9316357804008558,-46.916525711503084
2024-04-22,3.110298567750568,54.340209713590234,61.428044781564864,47.877687193014104,0.0,0.0,3.866439444488718,507.6588429629157,10.659790286409766,0.0,3.1964052332362654,3.4206141867247304,0.9344535977314802,-46.916525711503084
2024-04-23,3.1131555624774228,56.3507086365298,59.920327848826105,50.02469580708063,0.0,0.0,1.2545759700290418,507.6588429629157,8.649291363470198,0.0,3.168409395578599,3.3987028556947365,0.93224077835158,0.0
2024-04-24,3.0402975871763465,52.89883937754604,57.56910085111882,45.56423203023456,0.0,0.0,4.282427639651078,507.6588429629157,12.10116062245396,0.0,3.129310950597703,3.368600905485954,0.9289645874943054,0.0
2024-04-25,3.059041107621349,54.41769068543866,59.34864963564868,48.213235867170354,0.0,0.0,2.9694187547580153,631.9902777477242,10.582309314561343,0.0,3.0939105433807006,3.3373237451447495,0.9270633536473126,124.33143478480855
2024-04-26,3.019204425570483,53.46728818655471,56.61567340005515,50.7769638898555,0.0,0.0,1.37825899470909,631.9902777477242,11.532711813445289,0.0,3.068399450119234,3.3056530918915934,0.9282279068077904,124.33143478480855
2024-04-27,2.997904439927149,54.32962977816766,56.556950265257804,49.433001877591614,0.0,0.0,5.160876815877056,631.9902777477242,10.670370221832343,0.0,3.04592062455455,3.2714796772583,0.9310528950334847,124.33143478480855
2024-04-28,2.9580036825376474,47.13371142212711,51.8005792922682,39.33040211525364,0.20681898051933728,0.0,3.992265816856971,631.9902777477242,17.866288577872893,0.0,3.014890248566595,3.236891395866755,0.9314153241027373,124.33143478480855
2024-04-29,3.0653420129524465,53.32424595008512,56.701405985960804,50.17520469513166,0.0,0.0,4.304714196219388,631.9902777477242,11.675754049914879,0.0,3.019899133721815,3.2092571382894484,0.9409963127265762,124.33143478480855
2024-04-30,3.0607338188124324,50.03335368022108,57.97337197578516,43.6080524212673,0.0,0.0,1.0170579905629094,631.9902777477242,14.966646319778917,0.0,3.020237675960032,3.1808565022232296,0.9495045356019881,0.0
2024-05-01,2.9934728024193404,50.56153575600201,53.07161477199108,46.718145017981584,0.0,0.0,0.8228829074049434,631.9902777477242,14.438464243997991,0.0,3.015091351329803,3.155022574104116,0.955648107267807,0.0
2024-05-02,3.0390271364897945,48.39624154816489,54.577973760863706,45.49077785464555,0.0,0.0,1.5279606908216326,735.33823324528,16.603758451835112,0.0,3.023315890642332,3.1368310342188517,0.9638121587238161,103.34795549755574
2024-05-03,2.9619781568357952,54.09412945283042,61.02460510825165,46.404300905662886,0.8657924781137114,0.0,1.1471473555203648,735.33823324528,10.905870547169577,0.0,3.0241107855019616,3.116663825971397,0.970303810215852,103.34795549755574
2024-05-04,2.9707116118803434,42.54122397686069,47.756557069369634,37.769579466557055,0.0,0.0,4.724164499465624,735.33823324528,22.458776023139308,0.0,3.005184705287541,3.10016170186996,0.9693638572061805,103.34795549755574
2024-05-05,2.8493330437918187,52.45063929811257,56.611023202545425,50.17532642695977,0.4707455936531734,0.0,0.6023290952635784,735.33823324528,12.54936070188743,0.0,2.962904550283419,3.0768378253990973,0.9629706596249024,103.34795549755574
2024-05-06,2.765843520202175,45.79085945425899,48.056981834045814,41.87279425825504,0.0,0.0,2.7728935177115783,735.33823324528,19.209140545741008,0.0,2.9173786938399857,3.0522534630081033,0.9558114125177554,103.34795549755574
2024-05-07,2.773856833698585,51.995089402667,57.55217439771384,44.82155011111113,0.0,0.0,2.5230684063239956,735.33823324528,13.004910597333001,0.0,2.8643446332817435,3.032496595428723,0.9445499914491391,0.0
2024-05-08,2.8143664678425715,50.657219473309375,57.60273394845015,47.48685871302755,0.0,0.0,0.9847355286701786,735.33823324528,14.342780526690625,0.0,2.834822295483099,3.0105581812825633,0.9416268096421252,0.0
2024-05-09,2.820850204058232,49.62928129566974,52.93491376643092,47.332559512272795,0.0,0.0,3.45691763472695,729.003500656054,15.370718704330258,0.0,2.8048500139186765,2.989811200881434,0.9381361649497371,-6.3347325892259505
2024-05-10,2.8101129464592,48.66487704082029,51.47878054581472,45.645479079598466,0.0,0.0,7.765371944492003,729.003500656054,16.335122959179706,0.0,2.7970059944521526,2.968514691019076,0.9422240701432927,-6.3347325892259505
2024-05-11,2.788248364068105,52.58108276368533,58.21155385893711,46.714000954827405,0.0,0.0,8.05991452117549,729.003500656054,12.41891723631467,0.0,2.801486963225339,2.9505891146285905,0.9494669892652878,-6.3347325892259505
2024-05-12,2.6957386839903212,43.60471874643955,48.82926732005521,35.66277288016204,0.0,0.0,3.239295993108228,729.003500656054,21.395281253560448,0.0,2.785863333283686,2.9298611204405782,0.950851667967375,-6.3347325892259505
2024-05-13,2.6487496708309015,43.258937541127864,46.0467713495386,40.427888612885866,0.0,0.0,4.7875066509694735,729.003500656054,21.741062458872136,0.0,2.752739973881352,2.906640825858252,0.9470519884645682,-6.3347325892259505
2024-05-14,2.617312983917577,42.6541173945296,48.130364098952384,39.95001416450221,0.0,0.0,1.0066762527780126,729.003500656054,22.3458826054704,0.0,2.7120325298532206,2.8854915956953135,0.9398857837254263,0.0
2024-05-15,2.676941956834974,47.02230562164396,52.862329548291434,43.43599190630712,0.0,0.0,4.046952566858424,729.003500656054,17.97769437835604,0.0,2.6853983319283756,2.866386638155995,0.9368583763898464,0.0
2024-05-16,2.6937606935533442,39.98055030320327,43.17563741588251,37.158484588833986,0.0,0.0,3.5094396913341885,1035.2285857766929,25.019449696796727,0.0,2.6665007978254236,2.8501144515551378,0.9355767437235627,306.2250851206388
2024-05-17,2.5841799235758423,46.54893495220048,52.553657955317874,39.41354975628165,0.0,0.0,8.839616993483695,1035.2285857766929,18.451065047799517,0.0,2.644189045742528,2.8294282257375722,0.9345312320312502,306.2250851206388
2024-05-18,2.5998266010837923,42.29384541699044,48.72919613336075,35.65849945965806,0.0,0.0,4.731866911498393,1035.2285857766929,22.706154583009557,0.0,2.634404431793106,2.81151937166488,0.9370038344189346,306.2250851206388
2024-05-19,2.5729233036030754,39.60619497798508,42.836989320696844,32.698660803166966,0.0,0.0,0.7621284803130557,1035.2285857766929,25.393805022014917,0.0,2.625526495730206,2.786898436197411,0.9420962248314333,306.2250851206388
2024-05-20,2.52850962292898,39.23323938121532,42.68947831708419,34.542430047272155,0.3528500746374013,0.0,3.9851145260794816,1035.2285857766929,25.76676061878468,0.0,2.5958400289490067,2.7602872264032383,0.9404238820216863,306.2250851206388
2024-05-21,2.5614118396036947,39.739069545490054,46.265215177113454,31.944282332009237,0.0,0.0,3.785123899121061,1035.2285857766929,25.260930454509946,0.0,2.569370258159077,2.738684178262456,0.9381769093905529,0.0
2024-05-22,2.619473450297714,37.34135192312696,39.89123045383925,30.604283884453146,0.0,0.0,5.1825455507014775,1035.2285857766929,27.658648076873042,0.0,2.5764289635034516,2.717706493952852,0.9480158984188484,0.0
2024-05-23,2.671551896788948,43.018792099719356,47.527655062950444,35.328415132925514,0.0,0.0,5.293789062006243,1084.1189140386234,21.981207900280644,0.0,2.5907740226444824,2.7031851809505096,0.9584152950015431,48.89032826193056
2024-05-24,2.617400484739852,43.71563704120048,50.57098097021235,40.73596194390155,0.01696864716521976,0.0,2.084150641905171,1084.1189140386234,21.28436295879952,0.0,2.599669458871838,2.685519624593485,0.9680321957302238,48.89032826193056
2024-05-25,2.5950493815330415,43.727169084354415,47.65684497202603,37.183569071579505,0.0,0.0,0.4962226804343203,1084.1189140386234,21.272830915645585,0.0,2.61297741059265,2.672805441480546,0.9776160172531093,48.89032826193056
2024-05-26,2.6111268267615175,38.669697727114716,41.403670263090184,31.499189577543945,0.0,0.0,3.8265660783496998,1084.1189140386234,26.330302272885284,0.0,2.622920408024215,2.6650696068085136,0.9841845786404156,48.89032826193056
2024-05-27,2.6658611737331213,41.17814979284388,45.48718714903517,37.50449382331443,0.15796396498710055,0.0,1.0527386719534892,1084.1189140386234,23.821850207156118,0.0,2.6321979527112958,2.65966982381024,0.9896709468021154,48.89032826193056
2024-05-28,2.6333123588066663,39.982473343391234,44.8131245195695,37.45647382965488,0.37802049256602976,0.0,5.645309409402079,1084.1189140386234,25.017526656608766,0.0,2.6245500451148396,2.6506171183584453,0.9901656587580823,0.0
2024-05-29,2.6183744595510996,41.76132892823202,45.05046195308854,37.109402356520846,0.0,0.0,1.6873208411113882,1084.1189140386234,23.238671071767982,0.0,2.6247448400770894,2.6404933311330883,0.9940357770003377,0.0
2024-05-30,2.5481960004550004,40.74865653516714,42.80529548291568,33.91992374368618,0.0,0.0,1.8830670653963522,1244.8715618856459,24.251343464832857,0.0,2.615374163861481,2.6273974838328784,0.9954238671364419,160.75264784702244
2024-05-31,2.472625242354422,39.419785799031104,43.606583625950094,34.425517096449425,0.03686715897362733,0.0,5.32586610340076,1244.8715618856459,25.580214200968896,0.0,2.587673846980062,2.611616327747194,0.9908323131109443,160.75264784702244
2024-06-01,2.5175784310423364,33.316414071075016,36.09439698320107,26.12552854808323,0.0,0.0,0.7305511410241997,1244.8715618856459,31.683585928924984,0.0,2.558017298441905,2.602708315099795,0.9828290337420402,160.75264784702244
2024-06-02,2.595154472100848,38.141892516529055,41.10887777490189,30.704002118483597,0.0,0.0,2.5434763235787132,1244.8715618856459,26.858107483470945,0.0,2.5503857211007412,2.6000285551632922,0.9809068119794426,160.75264784702244
2024-06-03,2.5870355041502906,38.73221989973017,45.43175901205776,33.54605004317652,0.0,0.0,5.095953621227096,1244.8715618856459,26.26778010026983,0.0,2.5441179300205796,2.598514681174928,0.9790662136533504,160.75264784702244
2024-06-04,2.6434491173680748,36.08106960110316,40.716589413326936,34.02666692177394,0.0,0.0,5.3191878488506035,1244.8715618856459,28.91893039889684,0.0,2.5631685534031945,2.596840039201583,0.9870336696561637,0.0
2024-06-05,2.661348918215195,37.13156619260094,40.64632341357874,30.56696057292984,0.0,0.0,4.0039276380711595,1244.8715618856459,27.868433807399057,0.0,2.6009132885753488,2.5952194504346755,1.002193971742821,0.0
2024-06-06,2.6188433722831497,33.82309777120058,37.5006234006664,27.772189085430547,0.0,0.0,5.55320971218909,1414.6048416407868,31.17690222879942,0.0,2.6211662768235113,2.596952622870041,1.0093238720414972,169.73327975514098
2024-06-07,2.6367287479579167,36.54717652408209,42.429947615047546,33.46017935560449,0.0,0.0,3.4141795640482537,1414.6048416407868,28.45282347591791,0.0,2.6294811319949254,2.5987977302137475,1.0118067679621432,169.73327975514098
2024-06-08,2.7252125812901373,38.825920019956115,46.364176576449026,31.79102298180125,0.0,0.0,4.579909329698424,1414.6048416407868,26.174079980043885,0.0,2.657116547422895,2.6064121940981004,1.019453697093502,169.73327975514098
2024-06-09,2.719264658287802,43.381474302199884,51.36004129542046,39.72647144581998,0.0,0.0,2.198422075983017,1414.6048416407868,21.618525697800116,0.0,2.6722796556068404,2.6159499458660416,1.021533175674793,169.73327975514098
2024-06-10,2.809344916980905,33.890367664384364,38.78049478889335,27.09029679638595,0.0,0.0,2.0531090301710138,1414.6048416407868,31.109632335615636,0.0,2.7018788553599817,2.628346599734902,1.0279766205996181,169.73327975514098
2024-06-11,2.6483618500797825,36.67904585941727,42.1408926629849,31.982361851377895,0.0,0.0,7.5960461903082095,1414.6048416407868,28.320954140582728,0.0,2.7077825509193088,2.6297910197240055,1.0296569311440908,0.0
2024-06-12,2.6938776396865585,33.697358680922875,35.89515788306744,27.89384095902259,0.0,0.0,7.308049058496619,1414.6048416407868,31.302641319077125,0.0,2.7192123292650368,2.630907306868886,1.0335644749496116,0.0
2024-06-13,2.695302103125111,36.14324000899875,44.05150990706856,33.92818703786094,0.0,0.0,2.1431655890196413,1491.2416212552712,28.856759991001248,0.0,2.7132302336320318,2.634802387788149,1.0297661206803905,76.63677961448434
2024-06-14,2.6735633014414213,35.59733745793701,43.54597257401346,32.83603238066799,1.0940676099743438,0.0,0.8486993005968073,1491.2416212552712,29.40266254206299,0.0,2.7040899622627554,2.6387280837835676,1.0247702212595804,76.63677961448434
2024-06-15,2.6752705873778138,38.623272608066756,42.05779913423187,35.17141214053954,0.0,0.0,4.077433573441915,1491.2416212552712,26.376727391933244,0.0,2.6772750963421372,2.6419352718143827,1.013376491432163,76.63677961448434
2024-06-16,2.552218091846022,38.911526991431614,44.97668563487783,32.485802955158825,0.0,0.0,3.8427447241815926,1491.2416212552712,26.088473008568386,0.0,2.6580463446953853,2.636253117720028,1.008266742987944,76.63677961448434
2024-06-17,2.535239417920034,36.35074448911936,42.77578664291592,31.756135987490175,0.0,0.0,2.4096441737107765,1491.2416212552712,28.649255510880643,0.0,2.6263187003420803,2.631349470675696,0.9980881405568969,76.63677961448434
2024-06-18,2.552867811555001,35.400522732349515,41.58409852181954,30.179801275278383,0.0,0.0,4.186241769964361,1491.2416212552712,29.599477267650485,0.0,2.597831842028058,2.628074138275891,0.9884926015566392,0.0
2024-06-19,2.637743093583754,39.1937347449892,44.5324160648413,35.25834878776445,0.0,0.0,2.799980899822916,1491.2416212552712,25.8062652550108,0.0,2.590667800456525,2.6325514929323286,0.9840900766468387,0.0
2024-06-20,2.6028485198315976,36.07268925210431,41.01192050443793,31.506104965994318,0.0,0.0,1.1364710538450007,1720.0103076786493,28.92731074789569,0.0,2.5761833869472817,2.6390626568061877,0.9761736350985304,228.76868642337809
2024-06-21,2.5505405430022687,39.99030797231719,44.590596562244585,34.190227560172154,0.47999171082588926,0.0,4.642677937223069,1720.0103076786493,25.00969202768281,0.0,2.575847877178531,2.640710762404184,0.9754373382541146,228.76868642337809
2024-06-22,2.5166367597314587,30.455267058383328,35.8980424344703,27.350473462459824,0.0,0.0,2.4675889451704056,1720.0103076786493,34.54473294161667,0.0,2.572127345540816,2.6367848767857147,0.9754786475703253,228.76868642337809
2024-06-23,2.5677625261378454,40.628391639253394,46.82048297497352,36.11121122349354,0.019866779781890886,0.0,5.107223759602226,1720.0103076786493,24.371608360746606,0.0,2.575106288457385,2.6358212278850925,0.9769654562360348,228.76868642337809
2024-06-24,2.583689232061689,33.36316954246224,39.97929640325806,27.299295455944062,0.0,0.0,8.41384899639509,1720.0103076786493,31.636830457537762,0.0,2.564295516152972,2.632833233619773,0.9739680749271873,228.76868642337809
2024-06-25,2.5481052591799287,31.89980585298606,37.79982176930145,24.808415905758114,0.0,2.1372659018354856,3.4882242487192667,1720.0103076786493,33.10019414701394,0.0,2.553346864022638,2.62717105066801,0.9718997411201679,0.0
2024-06-26,2.5751029445109923,34.9761891125556,38.084560883537954,30.475858597955632,0.0,0.0,4.935148055235908,1720.0103076786493,30.023810887444398,0.0,2.558259344324383,2.624984029279402,0.9745809177462553,0.0
2024-06-27,2.577129236816137,31.579595790175034,38.63572193084647,25.14455076598485,0.0,0.0,7.599471039089938,1819.2917026182683,33.420404209824966,0.0,2.5703578397413187,2.6220040537223133,0.9803027711159809,99.28139493961908
2024-06-28,2.631449575592373,36.74659578846774,40.66663471041545,34.30318313704824,0.0,0.0,4.21829477961913,1819.2917026182683,28.253404211532263,0.0,2.583095249632224,2.617315903437425,0.986925287176738,99.28139493961908
2024-06-29,2.585528029303994,33.629749406013566,37.30567206245597,28.367314836035938,0.24699833669162852,0.0,3.220260301644938,1819.2917026182683,31.370250593986434,0.0,2.5834630090806847,2.6106290719882344,0.9895940548586398,99.28139493961908
2024-06-30,2.5620699398523903,35.866485883346776,39.56708324360269,31.83188862862513,0.0,0.0,5.417573199061594,1819.2917026182683,29.133514116653224,0.0,2.5862559452151777,2.5982653231318085,0.9953779247216542,99.28139493961908
2024-07-01,2.5347450900087227,32.06798386748514,37.09329223751312,27.38540482677422,0.05383161420926745,0.0,5.788772206247862,1819.2917026182683,32.93201613251486,0.0,2.5781843743147235,2.5925844851282553,0.9944456541739971,99.28139493961908
2024-07-02,2.443135832465058,34.33711179354139,40.567091854799564,31.38930751565262,0.0,0.0,4.399665137962027,1819.2917026182683,30.66288820645861,0.0,2.5513856934445074,2.5800473947671803,0.9888910175135526,0.0
2024-07-03,2.457104688433195,35.30847627627542,41.89847274640082,32.38676544152581,0.0,0.0,5.619958025288888,1819.2917026182683,29.69152372372458,0.0,2.516516716012672,2.568137524032585,0.9798995156852597,0.0
2024-07-04,2.4689696441082507,34.47462425681364,40.7232530145337,29.545341409244635,0.0,0.0,2.738197371984524,2128.576850246501,30.52537574318636,0.0,2.4932050389735236,2.5579078411659264,0.9747047953991531,309.28514762823283
2024-07-05,2.4654780908510605,39.84550952453864,42.11865064256343,34.010281124213236,0.0,0.0,3.0836122708005433,2128.576850246501,25.15449047546136,0.0,2.4738866691732575,2.5474182163395884,0.9711348742445639,309.28514762823283
2024-07-06,2.447604502192814,36.86788157839408,41.00660293858447,29.746897236131336,0.0,0.0,1.5034230834611992,2128.576850246501,28.132118421605917,0.0,2.4564585516100754,2.542187536856928,0.966277474024263,309.28514762823283
2024-07-07,2.358883897014051,35.77002990760745,41.98428013466477,28.227521525012627,0.6105351461629619,0.0,2.295101498272963,2128.576850246501,29.22997009239255,0.0,2.4396081645198744,2.5333697608116292,0.9629893757547197,309.28514762823283
2024-07-08,2.3298468169923923,29.646790543928077,34.99386112779879,23.29482215773169,0.0,0.0,4.179126484808714,2128.576850246501,35.35320945607192,0.0,2.4141565902317135,2.522218711083499,0.9571559276850484,309.28514762823283
2024-07-09,2.305485585345048,36.41704730477748,44.08737959933511,32.38458975177871,0.0,0.0,2.9619221312575053,2128.576850246501,28.582952695222517,0.0,2.381459778479073,2.5056058356715636,0.9504526787792956,0.0
2024-07-10,2.2535505885360134,39.06578406278269,45.05433226859658,34.59901850907856,0.0,0.0,7.66749720305567,2128.576850246501,25.93421593721731,0.0,2.3390742780160636,2.4881409391067844,0.9400891409534726,0.0
2024-07-11,2.2400750851803153,33.371067708811644,40.92862422641205,27.68392718286499,0.14197781482842448,0.0,2.008355674743275,2292.612510173479,31.628932291188356,0.0,2.297568394613564,2.4726176662156867,0.9292048770847644,164.03565992697804
2024-07-12,2.2605197759334494,34.93825022287953,38.600281135047304,28.459278788203953,0.21063323274763343,0.0,4.21538948333779,2292.612510173479,30.06174977712047,0.0,2.2778955703974435,2.459811817025786,0.9260446488754975,164.03565992697804
2024-07-13,2.3698925693503443,26.557109828371466,33.18537948301949,21.640661553618386,0.0,0.0,4.780494364507732,2292.612510173479,38.442890171628534,0.0,2.285904720869034,2.4499183191864113,0.93305344221768,164.03565992697804
2024-07-14,2.376568877464517,32.00712012242731,34.82204849001683,25.967522890368123,0.0,0.0,8.593581343352405,2292.612510173479,32.99287987757269,0.0,2.3001213792929276,2.439562301456552,0.9428418277818236,164.03565992697804
2024-07-15,2.388223540252145,29.610171601485092,35.758987557875905,25.77939496025522,0.0,0.0,2.130575222229329,2292.612510173479,35.38982839851491,0.0,2.327055969636154,2.431568215510163,0.9570185836418817,164.03565992697804
2024-07-16,2.379958424650437,36.301533195138276,42.09212415285724,33.38789423085808,0.0,0.0,11.962720506907877,2292.612510173479,28.698466804861724,0.0,2.3550326375301784,2.421810989517135,0.9724262742732573,0.0
2024-07-17,2.2692305123882317,35.673895639554765,41.67688219039847,31.185795870482085,0.0,0.0,1.7284525393260468,2292.612510173479,29.326104360445235,0.0,2.356774784821135,2.4064160532957404,0.979371286022374,0.0
2024-07-18,2.272038040517017,35.95108419200446,42.987896940554315,33.66172671312576,0.0,0.0,6.929601102232015,2447.3862570744573,29.04891580799554,0.0,2.3372038790544694,2.3884454765419725,0.9785460467945488,154.77374690097804
2024-07-19,2.280050213769216,35.11007615897093,40.07942035115322,30.95194778970888,0.0,0.0,7.466611193488273,2447.3862570744573,29.889923841029074,0.0,2.317900146315409,2.373171585765234,0.9767098848724828,154.77374690097804
2024-07-20,2.432243101174071,39.63917477983419,45.760247023118474,35.40186680906961,0.0,0.0,8.797151057672412,2447.3862570744573,25.360825220165808,0.0,2.3267040584997947,2.3666802438313175,0.9831087509874984,154.77374690097804
2024-07-21,2.425099803942941,33.05255839123329,36.758352367847806,25.402368908284558,0.0,0.0,2.459267626133975,2447.3862570744573,31.94744160876671,0.0,2.335732334358295,2.3611979795280282,0.9892149470774901,154.77374690097804
2024-07-22,2.4475910051386958,36.70612181388685,41.58525519968978,32.79132008446757,0.0,0.0,1.9392586022402152,2447.3862570744573,28.293878186113147,0.0,2.371404432908388,2.3614207381617103,1.0042278339413795,154.77374690097804
2024-07-23,2.449906659612119,38.90346313684262,46.23873714359982,31.778802090095425,1.4081336004203815,0.0,2.123368449825527,2447.3862570744573,26.096536863157382,0.0,2.406978156727409,2.3610608367206565,1.0194477496270398,0.0
2024-07-24,2.384184338010685,36.7701361070809,42.90903445340524,32.322470148806474,0.0,0.0,5.713774350867671,2447.3862570744573,28.2298638929191,0.0,2.427804981575702,2.356821571415778,1.0301182792201293,0.0
2024-07-25,2.457152067537324,37.23810766206679,39.81605477724391,29.949059489814644,0.362262561740986,0.0,4.809581499692824,2596.74487407834,27.76189233793321,0.0,2.4327867748483527,2.3564052702500917,1.0324144176566683,149.35861700388296
2024-07-26,2.5066664101542675,35.245534334486,37.853453610717565,27.733497896073754,0.2765580539080782,0.0,4.516384947844884,2596.74487407834,29.754465665513997,0.0,2.4491000960906186,2.359358365648164,1.0380364982908397,149.35861700388296
2024-07-27,2.5585266876325887,36.93418450713083,41.73671353322413,34.74837291686323,0.0,0.0,0.9328172254304253,2596.74487407834,28.06581549286917,0.0,2.471287232589397,2.369340505179091,1.043027469959452,149.35861700388296
2024-07-28,2.5083618010006417,40.32043995566473,47.489697756660604,34.91607322375756,0.0,0.0,3.5285391671546407,2596.74487407834,24.67956004433527,0.0,2.4829782608671014,2.3782662543795032,1.044028714739056,149.35861700388296
2024-07-29,2.5969278203125454,32.34120390528182,37.566629770490415,25.031015641515893,0.0,0.0,1.601381115574548,2596.74487407834,32.65879609471818,0.0,2.525526957327473,2.3928383661278785,1.0554523836953988,149.35861700388296
2024-07-30,2.517215117200746,38.16754550119213,43.755520339346326,31.39744348710741,0.0,0.0,4.802631853106551,2596.74487407834,26.83245449880787,0.0,2.537539567260158,2.406021592561115,1.0546620093126629,0.0
2024-07-31,2.5568249034845003,37.13879738487875,42.91592117972215,32.74911400498858,0.0,0.0,9.550416651893423,2596.74487407834,27.86120261512125,0.0,2.547571265926204,2.421859083476324,1.0519073067907128,0.0
2024-08-01,2.692650601688836,38.93802770841455,41.901432582478535,33.20305319449992,0.07616639982475741,0.0,5.258154110890562,2721.9692175061004,26.061972291585448,0.0,2.574396048737454,2.4434656247640936,1.0535839025711693,125.22434342776023
2024-08-02,2.637616782836733,44.733613748013425,51.641610615322854,40.898466122205775,0.0,0.0,4.767107453381315,2721.9692175061004,20.266386251986575,0.0,2.6002470451046724,2.456851835438413,1.0583654283086514,125.22434342776023
2024-08-03,2.6080372797163047,38.34684532754227,43.339874695521935,32.779581335329006,0.0,0.0,1.1384957842221648,2721.9692175061004,26.65315467245773,0.0,2.602468936985424,2.468425255551002,1.0543033179282961,125.22434342776023
2024-08-04,2.6184147222773007,44.434980024412056,46.91179705446579,39.70795657581414,0.0,0.0,2.015442288707742,2721.9692175061004,20.565019975587944,0.0,2.622708858000735,2.47993481465226,1.0575716920077576,125.22434342776023
2024-08-05,2.5926045436860665,43.555282918335465,48.72699762508762,38.927262633312985,0.03970128792473698,0.0,5.157993334742199,2721.9692175061004,21.444717081664535,0.0,2.6298647860410482,2.490567120604042,1.0559300989259115,125.22434342776023
2024-08-06,2.5039630984778363,40.63883882835808,43.317155516602156,33.5982994437277,0.0,0.0,2.6838184642492466,2721.9692175061004,24.361161171641918,0.0,2.592127285398848,2.5023037499085214,1.0358963357240745,0.0
2024-08-07,2.5124752376219357,41.112466205283994,47.53085291595748,34.482726419483456,0.0,0.0,15.032471084802438,2721.9692175061004,23.887533794716006,0.0,2.5670989763558887,2.5143256097637674,1.0209890741227743,0.0
2024-08-08,2.453135375454107,41.703969274446095,46.194195880857556,34.07548540860008,0.0,0.0,3.566234271529884,2915.9618975417384,23.296030725553905,0.0,2.5361185955034493,2.5229798678480124,1.0052076228680507,193.99268003563793
2024-08-09,2.4859492819479554,39.000890411137,42.93850974974934,36.8204319784448,0.27992162560199607,0.0,2.4236146118418618,2915.9618975417384,25.999109588863,0.0,2.50962550743758,2.5256651768867067,0.9936493286616487,193.99268003563793
2024-08-10,2.435182188549665,43.67999596941423,46.533720918068916,39.48280122844592,0.0,0.0,8.013952896074775,2915.9618975417384,21.32000403058577,0.0,2.4781410364102996,2.5261692961170428,0.9809877114013826,193.99268003563793
2024-08-11,2.532576613506455,40.2912972932531,47.5190386753946,34.836268488706665,0.5620890254366165,0.0,2.739902741689921,2915.9618975417384,24.708702706746898,0.0,2.483863739416024,2.530418576535431,0.981601922483849,193.99268003563793
2024-08-12,2.4899797766220186,42.5732690804356,44.91474015669915,38.9533079054591,0.0,0.0,1.175142145544823,2915.9618975417384,22.4267309195644,0.0,2.47936464721604,2.5324222323859256,0.9790486813409875,193.99268003563793
2024-08-13,2.475054446305416,36.221446339571585,42.009647255238164,32.39235974437387,0.0,0.0,1.7344315753393795,2915.9618975417384,28.778553660428415,0.0,2.4837484613863023,2.5369657378006623,0.9790232577360328,0.0
2024-08-14,2.5282638400033335,40.5693178973053,46.69821372885175,36.79240774235204,0.0,0.0,1.7743027409641203,2915.9618975417384,24.430682102694703,0.0,2.4922113729973776,2.5405213264239626,0.9809842362179316,0.0
2024-08-15,2.4588103416730345,45.12073243968644,52.92507429334232,41.722007652234375,0.0,0.0,4.871274491210023,3079.4763352112764,19.879267560313558,0.0,2.4969370036220515,2.5381285229999007,0.9837709087603005,163.51443766953798
2024-08-16,2.4768562984050195,40.50764445032189,44.61041916537165,34.139235824786084,0.0,0.0,0.3062496210999246,3079.4763352112764,24.49235554967811,0.0,2.4857929406017645,2.5340450035385222,0.9809584822410893,163.51443766953798
2024-08-17,2.5596832243177032,45.2487543397374,51.14324428330066,42.01508271745574,0.0,0.0,0.845237228279522,3079.4763352112764,19.751245660262597,0.0,2.499733630140901,2.5366110747043757,0.9854619240090748,163.51443766953798
2024-08-18,2.467632590899767,43.10010846743916,46.49948589483709,40.270887196062,0.0,0.0,1.3036677915731667,3079.4763352112764,21.899891532560837,0.0,2.4982492590597714,2.5301463132337365,0.9873931977739271,163.51443766953798
2024-08-19,2.483108983067443,47.97319666709749,51.73828214119189,44.833908137201504,0.0,0.0,1.919548176036293,3079.4763352112764,17.02680333290251,0.0,2.4892182876725935,2.5284410065270717,0.9844873901533687,163.51443766953798
2024-08-20,2.503100311378086,49.16341766345632,55.990984277162056,42.11613790724465,0.0,0.0,12.314269070514943,3079.4763352112764,15.836582336543678,0.0,2.4980762816136037,2.5257547769217505,0.9890414954131533,0.0
2024-08-21,2.5544080443404624,46.315079395198445,51.540960555366354,43.1259021725172,0.7478983338928408,0.0,0.9196091593080463,3079.4763352112764,18.684920604801555,0.0,2.5135866308006922,2.5188426490543323,0.9979133201291421,0.0
2024-08-22,2.484589362343515,46.135884844399506,48.18488102981721,39.174194089452875,0.33241066314121476,0.0,3.073986291242936,3168.5202961190716,18.864115155600494,0.0,2.4985678584058544,2.5111912780296715,0.9949731349681488,89.04396090779528
2024-08-23,2.4097603262141964,46.705624088302926,52.05819854542115,40.64812334221898,0.0,0.0,5.841030746584868,3168.5202961190716,18.294375911697074,0.0,2.4869934054687404,2.5012774303545657,0.9942893080501668,89.04396090779528
2024-08-24,2.445475180806948,46.92923727461711,52.39241309268677,39.84030719370214,0.0,0.0,10.458151493055048,3168.5202961190716,18.07076272538289,0.0,2.479466645016642,2.4926304532810484,0.9947189089954834,89.04396090779528
2024-08-25,2.467692621856677,50.983103747868356,56.234100994951795,43.112116323336295,0.5319744409469541,0.0,2.8404083887662996,3168.5202961190716,14.016896252131644,0.0,2.47238510711236,2.4863848571895786,0.9943694355937146,89.04396090779528
2024-08-26,2.4871205535331673,55.34247487377287,58.69447013500752,48.11016519192245,0.3308981240006773,0.0,6.219790596091494,3168.5202961190716,9.657525126227128,0.0,2.4589276089509005,2.4855427299423454,0.9892920283884791,89.04396090779528
2024-08-27,2.5123058067587234,44.25230495886919,46.64044716671241,38.41413938646849,0.26823786266328253,0.0,0.8454096493629667,3168.5202961190716,20.74769504113081,0.0,2.4644708978339422,2.485534258399185,0.9915256205002747,0.0
2024-08-28,2.4759026841197516,45.59761340907592,49.486390175395684,40.53429264557711,0.0,0.0,2.2987842965370495,3168.5202961190716,19.40238659092408,0.0,2.4776993694150535,2.4866726238324666,0.9963914612919237,0.0
2024-08-29,2.4942362666051494,53.206492255714316,58.4364078552,46.9118285471595,0.0,0.0,3.8239995859531906,3323.339250582495,11.793507744285684,0.0,2.487451586574694,2.4870869730653267,1.0001466026372683,154.81895446342332
2024-08-30,2.5162189756588074,46.12939217422683,51.88353321653885,42.19923363832825,0.0,0.0,1.9060793605137694,3323.339250582495,18.87060782577317,0.0,2.4971568573351197,2.4911388124207834,1.0024157806398946,154.81895446342332
2024-08-31,2.4777562512329636,45.88392360526251,49.16423925187313,41.579168872685194,0.0,0.0,4.02734217976757,3323.339250582495,19.11607639473749,0.0,2.4952839968750795,2.488397794307109,1.0027673238514054,154.81895446342332
2024-09-01,2.5941010825573865,56.794318920693584,63.06369104217016,51.67450132266334,0.0,0.0,5.294111891654929,3323.339250582495,8.205681079306416,0.0,2.5116430520348114,2.4936038596038776,1.0072341853183526,154.81895446342332
2024-09-02,2.6269294184678316,50.077873052665225,52.35324188406335,47.38413179586398,0.0,0.0,6.28118632066938,3323.339250582495,14.922126947334775,0.0,2.5418483989044276,2.5011976082119984,1.0162525306113213,154.81895446342332
2024-09-03,2.5598495692914103,50.606909663293145,54.69028908916324,43.49621109242767,0.7518919119328968,0.0,2.1145624989236618,3323.339250582495,14.393090336706855,0.0,2.5549710594416797,2.502776894676402,1.0208545016043173,0.0
2024-09-04,2.603641146465178,50.29152351042908,55.45506624627817,48.080720976932405,0.9254220984008361,0.0,3.3674197957388583,3323.339250582495,14.70847648957092,0.0,2.5724554936029542,2.5100184349160095,1.0248751394883815,0.0
2024-09-05,2.549558606907276,54.02659046692942,60.995433781920575,49.34503801204427,0.0,0.0,5.061116411862574,3378.921899615075,10.97340953307058,0.0,2.5868159647378164,2.5136535503411226,1.0291060056334196,55.582649032579866
2024-09-06,2.601182043787561,49.351569490850025,55.936330842290275,43.106379067718215,0.0,0.0,6.088552923170914,3378.921899615075,15.648430509149975,0.0,2.5882321569838513,2.515728491314615,1.0288201472931402,55.582649032579866
2024-09-07,2.675096139183743,58.54594873533681,64.30209993402343,53.490112162344374,0.0,0.0,2.2429691876217817,3378.921899615075,6.4540512646631925,0.0,2.5978655011270337,2.5261016687288143,1.0284089248214354,55.582649032579866
2024-09-08,2.630253560738378,55.95730216295238,60.3385479396792,49.70924397147786,0.0,0.0,4.631465013180751,3378.921899615075,9.04269783704762,0.0,2.6119462994164273,2.5334588976123604,1.03098033359769,55.582649032579866
2024-09-09,2.692454489148775,54.0214753281928,61.70504770787878,46.56618263971433,0.22143964539245228,0.0,3.8069670887517058,3378.921899615075,10.9785246718072,0.0,2.6297089679531465,2.5429266065008953,1.0341269627013203,55.582649032579866
2024-09-10,2.7216197054207028,53.00366168197873,55.73401930237292,46.09486961132994,0.3739166244244965,0.0,3.9929392910067896,3378.921899615075,11.996338318021273,0.0,2.664121187655832,2.551287189554907,1.0442263021438247,0.0
2024-09-11,2.77534167567611,55.468499362853976,63.0904457920593,51.59734820630517,0.0,0.0,2.8385072184301525,3378.921899615075,9.531500637146024,0.0,2.698953114033542,2.5658248052215367,1.0518851905013487,0.0
2024-09-12,2.8935476152910846,58.76349224769934,64.58969214159728,55.25602821686256,0.0,0.0,4.270235836188214,3395.3216934367856,6.2365077523006605,0.0,2.74264340925501,2.5900141696753813,1.0589298859313803,16.399793821710773
2024-09-13,2.88322268898665,63.97452684548993,70.24870354700698,58.74455985549007,0.0,0.0,13.267305522283388,3395.3216934367856,1.0254731545100668,0.0,2.7932372349046646,2.611901545084366,1.069426694188215,16.399793821710773
2024-09-14,2.8423968797809382,61.141736077528684,65.73917103692926,59.03466541203433,0.39190947657480246,0.0,3.258199212673427,3395.3216934367856,3.858263922471316,0.0,2.823225713031097,2.6306367579805796,1.0732100144447,16.399793821710773
2024-09-15,2.7934243746591445,60.14984138152254,65.213123665021,55.056278826564636,0.0,0.0,4.624988245852673,3395.3216934367856,4.850158618477458,0.0,2.8375866468787856,2.645951949036878,1.0724256152541478,16.399793821710773
2024-09-16,2.748874118216956,57.73829899284271,63.47464381948052,55.637448718161764,0.0,0.0,4.758399797535748,3395.3216934367856,7.261701007157292,0.0,2.8322931353869545,2.6577803646097897,1.065661095664986,16.399793821710773
2024-09-17,2.748646376307847,61.80688156796197,66.08897017142563,56.13108416497946,0.0,0.0,1.2132531244911662,3395.3216934367856,3.193118432038027,0.0,2.8033128875903075,2.671417549219195,1.049372790266225,0.0
2024-09-18,2.7735138554525838,57.57237187903293,63.57754124354201,51.5904461300491,0.0,0.0,7.395829816665167,3395.3216934367856,7.427628120967071,0.0,2.781371120883494,2.6853814286615663,1.0357452729796268,0.0
2024-09-19,2.7945136640681225,60.111373907473045,62.69093460401975,56.16046800904587,0.0,0.0,5.186999876728791,3481.598694801452,4.888626092526955,0.0,2.7717944777409307,2.6992961630820322,1.0268582290637276,86.27700136466638
2024-09-20,2.848543019666021,63.13366502083414,68.33616182028764,58.21029255073506,0.0,0.0,9.646987176353631,3481.598694801452,1.8663349791658632,0.0,2.7828182067423066,2.717835501503685,1.0239097271349458,86.27700136466638
2024-09-21,2.853721493834434,61.949336835232636,64.53842025596867,54.98323284747548,0.0,0.0,0.7597678467795465,3481.598694801452,3.0506631647673643,0.0,2.803787681865802,2.730816522067537,1.0267213704064664,86.27700136466638
2024-09-22,2.9453318991196102,58.64381080759434,63.244586313625675,51.50842857516616,0.0,0.0,2.9921504124261302,3481.598694801452,6.356189192405658,0.0,2.843124786428154,2.746736646100126,1.0350918754678873,86.27700136466638
2024-09-23,2.933850849781071,56.549727724800206,64.34993643483266,51.551674435056434,0.11520037063953441,0.0,0.7755783575135756,3481.598694801452,8.450272275199794,0.0,2.8751921852938516,2.765436710124609,1.039688297608625,86.27700136466638
2024-09-24,3.1014593604321856,63.1638339218134,65.95515007273238,55.79928922245257,0.0,0.0,2.953377611539982,3481.598694801452,1.8361660781866007,0.0,2.9365813245666645,2.7903276208229597,1.0524145274742218,0.0
2024-09-25,3.143397761953824,62.57553266561201,70.01250002404574,57.69480034243035,1.7192478101489377,0.0,1.4874108967568171,3481.598694801452,2.424467334387991,0.0,2.9955522730242246,2.8200195785752866,1.0622452041760715,0.0
2024-09-26,3.0963666692245844,65.47470544188182,69.50836188301498,62.430739467513824,0.0,0.0,1.425602057658259,3390.5877189304374,0.0,0.47470544188182373,3.044081308102255,2.844778809847138,1.0700590490779938,-91.01097587101458
2024-09-27,3.0365114799966553,63.3721996298411,67.72253188526733,60.540028044891564,0.0,0.0,6.369537557103937,3390.5877189304374,1.6278003701589014,0.0,3.062317224277664,2.8628495768877835,1.069674512066653,-91.01097587101458
2024-09-28,3.069858185566984,62.574106353415566,66.7224532972524,55.07469831420922,0.0,0.0,5.2285849091066146,3390.5877189304374,2.4258936465844343,0.0,3.0895186914348467,2.884829808129214,1.0709535386554991,-91.01097587101458
2024-09-29,3.0608487791031704,67.38942190174298,74.6262249950567,64.29929537694375,0.0,0.0,3.853032587230187,3390.5877189304374,0.0,2.3894219017429776,3.0813965751690438,2.9032495226269335,1.0613612612879786,-91.01097587101458
2024-09-30,3.108087169404434,67.73143562679125,71.38099632602751,62.32433222244552,0.0,0.0,3.823634099168399,3390.5877189304374,0.0,2.731435626791253,3.0743344566591655,2.9225728958261206,1.0519273825641042,-91.01097587101458
2024-10-01,3.140879787534584,58.92992417835231,63.66705839981784,55.723557717895034,0.0,0.0,3.909399830050057,3390.5877189304374,6.070075821647691,0.0,3.0832370803211653,2.940849801419044,1.0484170523885359,0.0
2024-10-02,3.1409084134309095,61.2150905951259,67.51116290525033,57.135630113565384,0.0,0.0,1.893598187699146,3390.5877189304374,3.7849094048740994,0.0,3.1041164670080166,2.9532178413260355,1.0510963409371201,0.0
2024-10-03,3.0944991510025432,66.67664662271906,68.83498836373349,64.0465707806415,0.65358973075849,0.0,21.38630680330785,3558.4193210284047,0.0,1.676646622719062,3.1090446600951283,2.96378166442683,1.0490127182483906,167.83160209796733
2024-10-04,3.008006678177129,66.6057551521709,71.35273278255889,64.56411700736628,0.0,0.0,1.5141652597747186,3558.4193210284047,0.0,1.6057551521709001,3.0984762399099197,2.9720621543466397,1.0425341325309767,167.83160209796733
2024-10-05,2.9856141417088455,66.75430871437045,72.4536008364286,62.25471895496244,0.0,0.0,4.407597036035379,3558.4193210284047,0.0,1.7543087143704525,3.073981634370802,2.981671642699125,1.0309591406209015,167.83160209796733
2024-10-06,3.0413964300239913,70.30017414798805,72.65778455200552,64.43051542255361,0.7966274196261454,0.0,2.2896426073205616,3558.4193210284047,0.0,5.300174147988045,3.054084962868684,2.9962977582894768,1.0192862022538764,167.83160209796733
2024-10-07,3.0586404153275417,74.38715115202723,81.49023627826729,68.4987568138327,0.16639382029961614,0.0,1.4029938280647685,3558.4193210284047,0.0,9.38715115202723,3.03763136324801,3.0117974602404614,1.0085775698228678,167.83160209796733
2024-10-08,2.98829444926056,65.75760625451422,69.5555013281775,63.31804762269873,0.0,0.0,4.9989365250798015,3558.4193210284047,0.0,0.757606254514215,3.016390422899614,3.02253648993086,0.9979665863251872,0.0
2024-10-09,3.0030836654673685,69.1595568852834,76.7376335443886,63.64910833001086,0.0,0.0,8.914971934707502,3558.4193210284047,0.0,4.1595568852833935,3.0154058203576617,3.0329649900008224,0.9942105597324564,0.0
2024-10-10,3.0306010689068366,69.79483956473203,74.00032977826588,67.57731816310377,0.14495469778348968,0.0,3.0084498579239947,3496.0700542938907,0.0,4.79483956473203,3.0244032057972596,3.042067892462863,0.9941931977555892,-62.349266734514
2024-10-11,2.981967983390506,70.99430234881793,77.09512400464081,64.37986334029677,0.0,0.0,1.3109595374008796,3496.0700542938907,0.0,5.994302348817925,3.012517516470562,3.048480216940667,0.988203072380048,-62.349266734514
2024-10-12,2.9955898504029754,67.21335704973858,73.80063166601204,64.66442342980862,0.0,0.0,2.5377406862852725,3496.0700542938907,0.0,2.213357049738576,2.999907403485649,3.050993114504835,0.9832560385743523,-62.349266734514
2024-10-13,3.003480734165473,72.7906852331724,79.11120905004456,66.83763502576531,0.0,0.0,8.178720796892632,3496.0700542938907,0.0,7.790685233172397,3.002944660466632,3.054474608724055,0.9831296851804741,-62.349266734514
2024-10-14,2.9393008769513735,72.00073531106577,74.88936193051181,64.7148792748286,0.0,0.0,1.7134757309322055,3496.0700542938907,0.0,7.0007353110657675,2.9901881027634327,3.046366684550015,0.9815588247890519,-62.349266734514
2024-10-15,2.9651664792280084,78.50753632361238,82.85840525439437,73.62607715036195,0.25126477833941185,0.0,6.256681138220217,3496.0700542938907,0.0,13.507536323612385,2.9771011848276676,3.0374551204137235,0.9801300979953788,0.0
2024-10-16,3.00321191146584,74.04329845323154,81.57593465185451,66.48023167835328,0.0,0.0,2.119716734396961,3496.0700542938907,0.0,9.043298453231543,2.9813499704427344,3.0327973825257866,0.9830363174343664,0.0
2024-10-17,3.072593346712094,71.2829863802937,75.05868207188365,69.0522950935687,0.24351990758841588,0.0,2.824306005080129,3358.310382739489,0.0,6.282986380293707,2.996750669704558,3.0346014758615585,0.987526926860716,-137.75967155440185
2024-10-18,3.140219830489926,69.38633691979278,77.3641058745869,64.29073440519458,0.0,0.0,1.3397178134970666,3358.310382739489,0.0,4.386336919792782,3.024098488969448,3.0381195581077054,0.9953849514905232,-137.75967155440185
2024-10-19,3.061958029068238,74.07458255936034,80.93832464716154,71.00473973028129,1.2998844462038246,0.0,8.39445503842082,3358.310382739489,0.0,9.074582559360337,3.048629919392821,3.038175020605959,1.0034411772580425,-137.75967155440185
2024-10-20,3.0100868873290683,72.60732267699521,80.03011128916131,69.17913819317009,0.0,0.0,9.917722344736811,3358.310382739489,0.0,7.60732267699521,3.0576140010130333,3.033275006502191,1.0080239986346997,-137.75967155440185
2024-10-21,3.0453873640173255,74.0702094545702,78.91611364468346,67.08929645499941,0.0558527441575626,0.0,0.9104387586932483,3358.310382739489,0.0,9.070209454570204,3.0660490915233303,3.0285003853263275,1.0123984485453374,-137.75967155440185
2024-10-22,3.080612881727796,76.86008135315132,83.55295583276697,70.79404676820515,0.0,0.0,4.289906790511465,3358.310382739489,0.0,11.860081353151315,3.0676529985264707,3.025485608741172,1.0139373955914612,0.0
2024-10-23,3.115914103561897,77.00689021676115,80.04211837917266,70.16712301354326,0.0,0.0,5.900520369621522,3358.310382739489,0.0,12.00689021676115,3.062791853140865,3.0265563563691398,1.0119725167831322,0.0
2024-10-24,3.351476353656918,77.35892049167813,80.71228820902289,70.83213709591789,0.0,0.0,3.7539137015510367,3464.997598292203,0.0,12.358920491678134,3.120695518058601,3.0437298401431288,1.0252866325060745,106.68721555271395
2024-10-25,3.3901281449542457,81.42591791518358,88.8022991202895,79.1850097653078,0.0,0.0,1.6792473625894355,3464.997598292203,0.0,16.425917915183575,3.1967037695836362,3.063955540305399,1.0433257687756805,106.68721555271395
2024-10-26,3.4626604440208197,78.94129880052692,84.89394743622807,73.44972913617742,0.0,0.0,6.825826442516586,3464.997598292203,0.0,13.941298800526923,3.2801583855843353,3.08501874100524,1.0632539575806628,106.68721555271395
2024-10-27,3.524298910486149,86.32242605685535,92.82972669750272,83.38751768206134,0.6967626598107789,0.0,0.7070776208215717,3464.997598292203,0.0,21.32242605685535,3.368895591336006,3.108301665763171,1.0838380419903204,106.68721555271395
2024-10-28,3.567780746220235,79.12665884180771,87.12133686094755,71.71298674548993,0.6388596091788863,0.0,7.66914502295519,3464.997598292203,0.0,14.12665884180771,3.459268919867674,3.1372759806111548,1.1026345598049023,106.68721555271395
2024-10-29,3.553262952197552,77.87861371990186,85.09516070979929,72.58538129519133,0.34488455349489455,0.0,2.4873741932210276,3464.997598292203,0.0,12.878613719901864,3.4996262395758,3.1647849449476637,1.105802226834618,0.0
2024-10-30,3.6031994660828857,75.06051500251884,79.65794633504265,68.06669537120604,1.398175529552077,0.0,2.438966285010636,3464.997598292203,0.0,10.06051500251884,3.5422405038015286,3.193414864806466,1.1092327974167562,0.0
2024-10-31,3.5612283138663683,76.05688535881359,80.68702061254818,71.14593454867473,0.0,0.0,4.683587982029733,3252.8319832399225,0.0,11.056885358813588,3.5619540777706384,3.2223778813302593,1.1053806254095178,-212.16561505228037
2024-11-01,3.5514175581177057,83.16422947280235,89.06971992327084,79.16115060157517,0.36790589491486925,0.0,6.917420071727684,3252.8319832399225,0.0,18.164229472802347,3.5673778072969498,3.2501692667159956,1.0975975447892488,-212.16561505228037
2024-11-02,3.5266941059036974,82.82981372244487,89.2556092118294,78.59904248752099,0.0,0.0,7.698477245722283,3252.8319832399225,0.0,17.829813722444868,3.559160479233642,3.2763299353029076,1.0863254157901487,-212.16561505228037
2024-11-03,3.5360049149226143,81.04847245206355,86.74762604550591,78.77696456933829,0.0,0.0,3.731169577236957,3252.8319832399225,0.0,16.04847245206355,3.5557088717786542,3.3061651372014693,1.0754783031764752,-212.16561505228037
2024-11-04,3.679282789578763,81.0741752181607,84.3187169821268,75.75173759951728,0.0,0.0,2.3234523572953125,3252.8319832399225,0.0,16.074175218160704,3.570925536477829,3.341870952719007,1.0685408224912034,-212.16561505228037
2024-11-05,3.571645238678995,79.50930464052715,83.73660115875906,75.88743362390885,0.16847715195025129,0.0,1.806959897759993,3252.8319832399225,0.0,14.509304640527148,3.573008921440355,3.3702926190796645,1.0601479827635996,0.0
2024-11-06,3.617219210757204,82.09276326124234,89.50588468168218,75.27807401823993,0.0,0.0,0.5747344846069984,3252.8319832399225,0.0,17.09276326124234,3.586169251968255,3.3975239122819203,1.055524359668048,0.0
2024-11-07,3.5248546191415624,83.3768953387715,86.53410366326268,79.08594130374117,0.8704366239854855,0.0,2.5667582633912946,3172.288171598253,0.0,18.376895338771504,3.5858013546158274,3.416755651714502,1.0494755025330826,-80.54381164166944
2024-11-08,3.500937067849934,77.36262655206704,83.8621488152755,71.88143383277725,0.0,0.0,3.9121726107861052,3172.288171598253,0.0,12.362626552067042,3.5787877852012917,3.438704603653587,1.0407371954540288,-80.54381164166944
2024-11-09,3.5706724643237138,85.99509222763895,93.13532687682267,81.75790652430788,0.2679266132323567,0.0,1.087532379278114,3172.288171598253,0.0,20.99509222763895,3.5570657201502818,3.466733882503319,1.0260567556404805,-80.54381164166944
2024-11-10,3.5789276261251795,78.13606377948959,84.74158511791474,71.00229113296943,0.6955252083739933,0.0,12.110553443668705,3172.288171598253,0.0,13.13606377948959,3.558522197639519,3.4934108956087115,1.018638317671893,-80.54381164166944
2024-11-11,3.5186613001051588,85.62134923750719,88.70277899357546,82.3508605920747,0.0,0.0,5.449916239452994,3172.288171598253,0.0,20.62134923750719,3.5388106155091092,3.5153133165275796,1.0066842687595028,-80.54381164166944
2024-11-12,3.4801414382052984,84.86315887520817,88.7664880210493,78.88405804849,0.0,0.0,2.278218014371894,3172.288171598253,0.0,19.86315887520817,3.529867979321857,3.53352468325975,0.9989651398346764,0.0
2024-11-13,3.525315663797117,86.25442238226138,93.92454796715072,83.4288364917778,0.0,0.0,5.967653219849477,3172.288171598253,0.0,21.25442238226138,3.5347436985112934,3.5422166487667597,0.9978903181266262,0.0
2024-11-14,3.485892026549826,83.80764424973997,87.72755682705755,78.18026762644652,0.0,0.0,3.046012827674784,3070.9761784985344,0.0,18.807644249739965,3.5177876109565163,3.547004842846539,0.9917628440939552,-101.31199309971862
2024-11-15,3.5032779025804817,91.20240040750261,98.66592623034329,87.91030860803558,0.5308273740490755,0.0,1.9811741995980379,3070.9761784985344,0.0,26.20240040750261,3.5026576662475764,3.5490357157745223,0.9869322111015091,-101.31199309971862
2024-11-16,3.510410573630449,88.63884309014702,95.23433035716144,84.84323011464134,0.8473954369343714,0.0,0.6860302461871529,3070.9761784985344,0.0,23.63884309014702,3.501007520952635,3.5483412989317373,0.9866603085804195,-101.31199309971862
2024-11-17,3.4757129134298377,88.74708254910064,96.44062064669635,84.38710182114987,0.0,0.0,7.122480986958769,3070.9761784985344,0.0,23.74708254910064,3.5001218159975425,3.543737907292217,0.9876920662769889,-101.31199309971862
2024-11-18,3.608747919445095,86.6538590108081,91.08729590545678,79.29588606067207,0.0,0.0,1.8324648811567332,3070.9761784985344,0.0,21.653859010808105,3.516808267127138,3.5465121556545944,0.9916244785795824,-101.31199309971862
2024-11-19,3.651181421439914,87.3081948618624,92.44007366081358,80.97681465327474,0.0,0.0,2.598941974315436,3070.9761784985344,0.0,22.308194861862404,3.5498661461051553,3.548911253422445,1.0002690663740292,0.0
2024-11-20,3.5340712268961942,90.52770342795345,92.72061228196772,83.0530102080184,0.4848356156985775,0.0,1.7038631390234598,3070.9761784985344,0.0,25.527703427953455,3.556024810968298,3.547553399073937,1.0023879589512514,0.0
2024-11-21,3.5496568464380975,92.10739248279974,94.9988839076705,87.92588761509683,0.0,0.0,8.943025409363415,2920.866515461723,0.0,27.10739248279974,3.563874065529828,3.5474653634899567,1.0046254720930463,-150.10966303681153
2024-11-22,3.5143480192077323,92.72411957396065,98.1952239176087,87.08123201206337,0.0,0.0,2.768667820695653,2920.866515461723,0.0,27.72411957396065,3.571601086685406,3.5468480591551583,1.0069788801542696,-150.10966303681153
2024-11-23,3.569892379951243,88.70057365702228,90.88597098778921,82.70975252269999,1.042308003115916,0.0,5.5142300399227056,2920.866515461723,0.0,23.700573657022275,3.563829978786636,3.5485424324065895,1.0043081199312807,-150.10966303681153
2024-11-24,3.526739496301019,89.31895527264518,91.53734649098028,84.97869101406869,0.04123666148466256,0.0,2.5622200512627034,2920.866515461723,0.0,24.318955272645184,3.5389415937588575,3.540915267742703,0.9994426090898516,-150.10966303681153
2024-11-25,3.5242536704687426,90.44409077854985,93.63902882768103,85.78556359937178,0.1473697510990954,0.0,2.395016967986039,2920.866515461723,0.0,25.44409077854985,3.5369780824733668,3.53854568933219,0.9995569912058648,-150.10966303681153
2024-11-26,3.5589512678633084,88.96030056516793,93.50889425338629,85.62375000420445,0.38583650672580455,0.0,6.762827496183127,2920.866515461723,0.0,23.960300565167927,3.5388369667584088,3.5356322921874948,1.0009063936252633,0.0
2024-11-27,3.615294940169253,87.90534895289136,90.81205347765587,83.7755403221429,0.5803251293245496,0.0,5.020201747934045,2920.866515461723,0.0,22.90534895289136,3.559026350950713,3.54015430823888,1.0053308531404728,0.0
2024-11-28,3.547675516401644,90.81264435128614,96.03844948988424,86.5689106452075,0.0,0.0,3.5309840459560267,2808.610673312178,0.0,25.81264435128614,3.5545829782407936,3.542491230666465,1.0034133458029912,-112.25584214954506
2024-11-29,3.5320038029069245,92.00589789586287,94.27750868979469,85.13468802946909,0.10848621100525159,0.0,1.8898677526868861,2808.610673312178,0.0,27.005897895862873,3.5556358395619747,3.540557797595626,1.0042586628515393,-112.25584214954506
2024-11-30,3.507905444893005,92.42216532948902,96.51165883740053,85.69943626134655,0.10219846713430962,0.0,4.8863478279411545,2808.610673312178,0.0,27.42216532948902,3.552366194446827,3.5370066885340172,1.0043425153711474,-112.25584214954506
2024-12-01,3.4731040515943206,90.8819502577585,94.98086612173307,88.4638427830711,0.16906587477559498,0.0,7.7415428775332025,2808.610673312178,0.0,25.881950257758504,3.5351967511930296,3.534728826108475,1.0001323793443782,-112.25584214954506
2024-12-02,3.583429666666923,89.38425018642948,93.24591233698732,83.2080006490344,0.0,0.0,2.035773017020643,2808.610673312178,0.0,24.384250186429483,3.5288236964925637,3.539893237531557,0.9968729166965746,-112.25584214954506
2024-12-03,3.612126929980319,93.09820758043547,96.83150965241929,89.297824280429,0.0,0.0,2.309975657749711,2808.610673312178,0.0,28.09820758043547,3.5417139792082986,3.544233800840717,0.9992890362842821,0.0
2024-12-04,3.5408722533759542,93.037605662762,97.8800143756386,90.35254649670007,1.3643322308920063,0.0,5.850008976998614,2808.610673312178,0.0,28.037605662762004,3.5434876693021047,3.546982812182023,0.9990146152194721,0.0
2024-12-05,3.6003423308549785,89.30376635718372,92.1436855968192,82.7567681112044,0.0,0.0,0.8619555550448279,2644.230336333288,0.0,24.30376635718372,3.5619750464944993,3.5518360335957473,1.0028545836020724,-164.38033697888977
2024-12-06,3.732070063331473,95.1257145663816,100.55925449966765,89.90609603822904,0.0,0.0,5.444379375480799,2644.230336333288,0.0,30.125714566381603,3.6137682488419296,3.5629190080807986,1.014271792495368,-164.38033697888977
2024-12-07,3.798416339620281,94.76899666990191,100.71538482986705,88.73448619082818,0.0,0.0,2.168270106098857,2644.230336333288,0.0,29.76899666990191,3.656765583432601,3.579054179390321,1.0217128325382092,-164.38033697888977
2024-12-08,3.7116525023187776,92.56608511740282,98.21822050609966,88.33338519647842,0.0,0.0,3.8552683114503745,2644.230336333288,0.0,27.56608511740282,3.6766706979002928,3.5841994085340056,1.0257997055482215,-164.38033697888977
2024-12-09,3.68699681860254,89.12297932843066,93.29138084982372,84.83748377668,0.2053606677496483,0.0,4.250438035508768,2644.230336333288,0.0,24.12297932843066,3.7058956109456096,3.5859901783921364,1.0334371893364291,-164.38033697888977
2024-12-10,3.767409848209475,89.42909106104673,93.97175327402395,82.94017274597235,0.0,0.0,4.9944167395853265,2644.230336333288,0.0,24.429091061046734,3.739309114416509,3.5976571094578005,1.0393734034814832,0.0
2024-12-11,3.7293480409280857,94.55239609986202,102.19077593994159,90.71716446998492,0.0,0.0,5.048224863916605,2644.230336333288,0.0,29.552396099862023,3.7387647099358317,3.6066416691822996,1.0366332596560632,0.0
2024-12-12,3.7603755672725976,91.84190006250945,97.78645036372752,86.89306463061318,0.0617475156541202,0.0,3.637075261197845,2464.842104415629,0.0,26.841900062509453,3.7311565554662955,3.618943046585543,1.0310072602514773,-179.38823191765914
2024-12-13,3.811251971134095,92.75674235513372,97.10493151545445,86.2438063258144,0.4008553087470368,0.0,0.5817144745806142,2464.842104415629,0.0,27.756742355133724,3.751076449229359,3.631011026144686,1.0330666644138933,-179.38823191765914
2024-12-14,3.760034503495148,90.3448001211814,94.5960363950904,87.0293272902218,0.3181898815166432,0.0,2.0930316183398627,2464.842104415629,0.0,25.344800121181393,3.76568398620788,3.6426757765043924,1.0337686407604274,-179.38823191765914
2024-12-15,3.7608613427871775,96.34518463132545,99.16405983348128,88.76635560534928,0.0,0.0,0.6443238361322395,2464.842104415629,0.0,31.345184631325452,3.764374285123421,3.6545061601203144,1.0300637405409352,-179.38823191765914
2024-12-16,3.5707836630387706,88.33546580458398,95.49652527409229,81.42941057549349,0.9364518884543733,0.0,3.425398040423033,2464.842104415629,0.0,23.335465804583976,3.7326614095455577,3.6550977798790876,1.0212206716037664,-179.38823191765914
2024-12-17,3.513718765214451,93.99470001134613,101.41039166824247,90.52419583450147,0.0,0.0,3.618062110976172,2464.842104415629,0.0,28.994700011346126,3.6833300491339287,3.6500189711313475,1.0091262753059764,0.0
2024-12-18,3.502963036786599,95.3215868784039,100.5909928886464,91.03844571953796,0.9956160846734129,0.0,9.62251580641062,2464.842104415629,0.0,30.321586878403906,3.621672262264429,3.6477833471505945,0.9928419310026837,0.0
2024-12-19,3.4324944065244454,96.20147784177954,102.62047635359667,90.6168054928159,0.0,0.0,4.96391725907407,2284.562082430218,0.0,31.201477841779536,3.556164242870289,3.64280787733147,0.9762151512298114,-180.2800219854107
2024-12-20,3.5348374454160814,95.91344434083402,102.7184923962666,88.65808535577217,0.24713319321315041,0.0,4.668311718136051,2284.562082430218,0.0,30.91344434083402,3.5109594633960697,3.644154477357625,0.9634496795376977,-180.2800219854107
2024-12-21,3.4534273233941812,90.9004239540676,98.38599243390709,87.20603988957933,0.0,0.0,1.7759574433846652,2284.562082430218,0.0,25.900423954067605,3.4874881954671517,3.6431706409476177,0.9572673199189012,-180.2800219854107
2024-12-22,3.4314230148481,93.40515887354167,98.41075714588192,89.35342289207009,0.011691673801895763,0.0,6.85665867324982,2284.562082430218,0.0,28.405158873541666,3.4710290453938817,3.6355703083566766,0.954741278807184,-180.2800219854107
2024-12-23,3.4436658101410034,92.48392162875996,100.11169730524404,85.38132539909762,0.0,0.0,0.475475648054533,2284.562082430218,0.0,27.48392162875996,3.4591696000647625,3.6271472523647104,0.9536887695445959,-180.2800219854107
2024-12-24,3.5345405681407085,91.2673577154062,98.18327694069545,83.3377149130786,0.17327791619398042,0.0,9.550416455041542,2284.562082430218,0.0,26.267357715406206,3.4795788323880155,3.6268306681029485,0.9593993077730439,0.0
2024-12-25,3.4527871997256794,89.56016691722775,92.29080649349982,86.69008362748997,0.0,0.0,2.185196435809557,2284.562082430218,0.0,24.560166917227747,3.4631687832499347,3.619452911546484,0.9568210632612503,0.0
2024-12-26,3.526975385510715,96.3252877605315,101.38493972369471,89.65070544603851,0.0,0.0,5.151084750561848,2125.1091120191695,0.0,31.325287760531495,3.4778783956732413,3.6091981776554456,0.9636152476205919,-159.45297041104868
2024-12-27,3.531987729827627,98.46806285828484,105.37944712817237,93.03806716221418,0.7061829416926211,0.0,3.313439028524032,2125.1091120191695,0.0,33.46806285828484,3.4979913386691464,3.5958767471658133,0.972778430580576,-159.45297041104868
2024-12-28,3.477495571420488,93.2459754061132,101.23784515104573,88.07384705775738,0.17517483650796156,0.0,4.303849727516304,2125.1091120191695,0.0,28.245975406113203,3.5047572909250433,3.584168900620898,0.977843786970503,-159.45297041104868
2024-12-29,3.509620140532022,97.2820547654355,101.32030905937447,92.91211828793817,0.0,0.0,4.36591492572511,2125.1091120191695,0.0,32.282054765435504,3.4997732054033066,3.5753000667173724,0.9788753783165925,-159.45297041104868
2024-12-30,3.5259620829221676,96.60541993678562,100.02180630653376,92.19663474136331,0.0,0.0,5.816867384589055,2125.1091120191695,0.0,31.605419936785623,3.5144081820426036,3.563227678453007,0.9862990802676974,-159.45297041104868
2024-12-31,3.4943474309483786,92.28739657701077,98.11301493845055,85.90590526728496,0.540361618766855,0.0,2.884086708913656,2125.1091120191695,0.0,27.287396577010767,3.5078825911301363,3.551477647954022,0.9877248117135129,0.0
2025-01-01,3.502933916703517,94.65213473456448,96.80810096376378,91.27485540289847,0.07268086520098162,0.0,3.4758124937190136,2125.1091120191695,0.0,29.652134734564484,3.502071828505315,3.5386055654255677,0.9896756684957457,0.0
2025-01-02,3.484213461547549,95.10698496506423,97.55493278804263,91.17664087494856,0.0835791449485739,0.0,1.4552992780089402,2002.559289527483,0.0,30.10698496506423,3.503415406530727,3.5222536399462405,0.9946516533613969,-122.54982249168643
2025-01-03,3.495422862918362,97.17769685025729,103.71288764620455,89.463026986111,0.0,0.0,7.481018868967117,2002.559289527483,0.0,32.17769685025729,3.5005759510079946,3.509023057917401,0.9975927468215555,-122.54982249168643
2025-01-04,3.5395490640453624,95.25844325275435,102.48276551000497,90.47427944912289,0.10941154544036852,0.0,6.857419609024979,2002.559289527483,0.0,30.258443252754347,3.503293347232634,3.4979574439803103,1.0015254340104984,-122.54982249168643
2025-01-05,3.639108433669821,89.66079780849297,96.72252697896236,82.28765380691918,0.0,0.0,5.1352832195274924,2002.559289527483,0.0,24.660797808492973,3.5322455477769226,3.5013736825118627,1.00881707240197,-122.54982249168643
2025-01-06,3.569237864395948,100.33367720989087,105.56610720095333,92.65451894419785,0.0,0.0,1.5937766597547391,2002.559289527483,0.0,35.333677209890865,3.545506337315409,3.5041496374709373,1.0118022071324329,-122.54982249168643
2025-01-07,3.7016182275310614,95.95067581863783,103.38384070102235,89.70413415193352,0.0,0.0,3.6244666274366644,2002.559289527483,0.0,30.950675818637833,3.5889872905121107,3.514082397008161,1.0213156337961007,0.0
2025-01-08,3.5888913202154487,91.73485449881501,99.51787784125659,88.54552748545352,0.9506048100758954,0.0,7.698293164443681,2002.559289527483,0.0,26.73485449881501,3.6076809819715288,3.521902242692711,1.0243557979091533,0.0
2025-01-09,3.5841825751690513,90.03056394327356,95.76248420837044,84.22743546179208,0.024192474477300618,0.0,1.5365559376704583,1802.061513573701,0.0,25.030563943273563,3.6166076841962655,3.5243694991803594,1.0261715421828947,-200.49777595378214
2025-01-10,3.6238799682138643,91.94451965974312,97.98451530027313,86.02334623785372,0.0,0.0,6.372894890376259,1802.061513573701,0.0,26.944519659743122,3.6135619911050747,3.532892131421344,1.0228339436028226,-200.49777595378214
2025-01-11,3.645137840933704,93.41494227957932,100.83661342392318,91.24055347871622,0.0,0.0,7.099912283725777,1802.061513573701,0.0,28.41494227957932,3.6287419864126256,3.5435778727256233,1.0240333687436354,-200.49777595378214
2025-01-12,3.612174230400206,92.32812869259593,98.98043206554489,86.14967437960827,0.7881452129615465,0.0,6.266890704966305,1802.061513573701,0.0,27.328128692595925,3.610853186986455,3.552003293738584,1.0165680852130994,-200.49777595378214
2025-01-13,3.604085256034507,92.83010852271056,100.11156010362798,87.61554663186998,0.4237884622358352,0.0,7.410358646951485,1802.061513573701,0.0,27.83010852271056,3.613891974150267,3.555480528133274,1.016428565859046,-200.49777595378214
2025-01-14,3.5789035606107147,91.07926754092011,96.6742826655013,85.11778563263688,0.0,0.0,5.478867652860807,1802.061513573701,0.0,26.079267540920114,3.612836171238599,3.561786346177526,1.0143326466271227,0.0
2025-01-15,3.5479400358497997,95.67725098369323,99.62810306387551,88.53430872413098,0.4778501382587059,0.0,3.7878674078437755,1802.061513573701,0.0,30.677250983693227,3.5976481847657866,3.56283457869448,1.0097713226091074,0.0
2025-01-16,3.5951178010153235,90.73022067718473,95.08672809598008,85.37216570444494,0.0557825093343988,0.0,1.1210961938816077,1618.115798306971,0.0,25.730220677184732,3.58764417678211,3.565991082253865,1.0060721112388646,-183.94571526672985
2025-01-17,3.6127403695174887,95.34809922091506,98.70762405597458,91.4986708407035,1.655478886937283,0.0,5.556919380801439,1618.115798306971,0.0,30.34809922091506,3.587757404605567,3.5727533221587153,1.0041995853320727,-183.94571526672985
2025-01-18,3.567367433146112,95.61549836858698,97.68117522956906,91.80278339327481,0.0,0.0,2.364783261614711,1618.115798306971,0.0,30.615498368586984,3.580413840027888,3.57564068678942,1.001334908525933,-183.94571526672985
2025-01-19,3.6175450650163685,88.90717037940523,90.99459386555604,85.67616251454243,0.0,0.0,1.508060093411303,1618.115798306971,0.0,23.90717037940523,3.588142140909018,3.580219835894129,1.0022127984811051,-183.94571526672985
2025-01-20,3.632184675613227,91.83184493357462,98.81061369365749,87.6782989281036,0.5281929524449593,0.0,4.0587903082478585,1618.115798306971,0.0,26.831844933574615,3.604991068861704,3.5871116981273716,1.0049843362122417,-183.94571526672985
2025-01-21,3.6771580420878274,95.79933028519856,99.81650957297822,90.23913052768638,0.0,0.0,1.1677308677434126,1618.115798306971,0.0,30.799330285198565,3.621399117076205,3.595822904396587,1.0071127564842934,0.0
2025-01-22,3.711137411947507,93.35918911486358,99.10889193501467,85.85771343342407,0.26656620621359545,0.0,2.1701991619609875,1618.115798306971,0.0,28.359189114863582,3.6410785255622087,3.607169101916585,1.0094005639013726,0.0
2025-01-23,3.6575993506364446,95.29064221906891,100.64114727613122,93.07552502831777,0.0,0.0,0.9694207677534813,1366.2981423157098,0.0,30.290642219068914,3.6591249090602753,3.615277926302489,1.0121282467493808,-251.8176559912613
2025-01-24,3.620190127568889,95.74062858896961,100.25665866546296,92.42332057675652,0.18447030496031647,0.0,9.696809641819447,1366.2981423157098,0.0,30.740628588969614,3.6596539215707793,3.6193099794786656,1.0111468601255107,-251.8176559912613
2025-01-25,3.6612293832205465,88.89846257020734,92.63873422069976,85.88058562562787,0.0,0.0,3.2634111808943573,1366.2981423157098,0.0,23.898462570207343,3.6654628630922423,3.620416026956202,1.0124424474426805,-251.8176559912613
2025-01-26,3.6940532384908167,90.75222871306991,95.3042883202194,88.08359202637415,0.0,0.0,0.36587364758890467,1366.2981423157098,0.0,25.75222871306991,3.668841902372841,3.6266567956609457,1.011631954466264,-251.8176559912613
2025-01-27,3.6890007821972306,92.70256234401066,97.58235908615612,88.70420355560901,0.13668471154199296,0.0,0.8577571025778193,1366.2981423157098,0.0,27.70256234401066,3.664414576422786,3.6260259233942533,1.0105869769934235,-251.8176559912613
2025-01-28,3.69224206454002,90.74943942233743,97.96570790126664,86.01067785017142,2.5301580227784046,0.0,2.8821426606611382,1366.2981423157098,0.0,25.74943942233743,3.6713431192035,3.6311934606104828,1.0110568767620185,0.0
2025-01-29,3.7651035976315876,92.34891252882096,95.84644217150029,86.24673304426668,0.16965977075568778,0.0,0.6414009200597982,1366.2981423157098,0.0,27.34891252882096,3.7003258132160406,3.640239511733609,1.0165061395792103,0.0
2025-01-30,3.7258109536457,95.49509127938761,98.02192325588379,91.27043923082644,0.8246316833726808,0.0,4.868639319449145,1310.6621106888313,0.0,30.49509127938761,3.7132421273010707,3.645336061005201,1.0186282046866058,-55.63603162687855
2025-01-31,3.7548384358601647,90.2355932673331,98.1330184758917,84.88502057874307,0.0,0.0,0.9225635287005798,1310.6621106888313,0.0,25.2355932673331,3.7253991667749404,3.650821090751524,1.0204277542420093,-55.63603162687855
2025-02-01,3.738908516058393,91.22465218224811,95.97893793415324,85.83466250621795,0.0,0.0,4.736899631218327,1310.6621106888313,0.0,26.224652182248107,3.7353807135471735,3.6571578050344327,1.0213889891229357,-55.63603162687855
2025-02-02,3.722049283209022,89.9131187075736,96.35083149482935,86.92514661377224,1.5307544330686016,0.0,5.694825682149537,1310.6621106888313,0.0,24.913118707573602,3.741342157280974,3.663056006393159,1.021371813794597,-55.63603162687855
2025-02-03,3.7841775336725156,83.84116234000273,85.99292230368809,78.40111092205844,0.0,0.0,3.44032800389613,1310.6621106888313,0.0,18.841162340002725,3.745156944489159,3.673319705046249,1.0195564898269602,-55.63603162687855
2025-02-04,3.8299041539560594,87.20735503066507,93.16730530973194,80.4830785922046,0.0,0.0,0.5301607700412682,1310.6621106888313,0.0,22.20735503066507,3.7659755845512306,3.687417910951562,1.0213042501546552,0.0
2025-02-05,3.874916371460361,88.78292301736734,91.21441742923903,85.33128458613615,0.0,0.0,1.5782070484762387,1310.6621106888313,0.0,23.782923017367338,3.78999117167127,3.7014078394738137,1.023932334949085,0.0
2025-02-06,3.949446739233883,87.73867550708476,92.03407693832297,82.52459297856966,0.5593423353126,0.0,1.6257716963157895,1125.4812221260072,0.0,22.738675507084764,3.832098816306368,3.718243157959634,1.0306208210463599,-185.18088856282407
2025-02-07,3.946908609076111,91.19070487560086,96.1890623255215,85.56497033985198,0.0,0.0,4.63257298069468,1125.4812221260072,0.0,26.190704875600858,3.877070681479786,3.7372202167561333,1.0374209858163086,-185.18088856282407
2025-02-08,3.984027426698071,91.73197012523056,95.9509938780599,83.74757355133822,0.2070658677989309,0.0,0.3864775979621945,1125.4812221260072,0.0,26.73197012523056,3.917040660084897,3.755544334840219,1.0430021085749075,-185.18088856282407
2025-02-09,3.961613060646726,86.08341664794557,89.97346121634328,81.12729590290107,0.0,0.0,6.811051261335418,1125.4812221260072,0.0,21.08341664794557,3.9433824414230303,3.772015754091894,1.045431063522266,-185.18088856282407
2025-02-10,3.9772646811402947,91.03679345387664,98.5216978266671,86.97350929541007,0.06805976084412271,0.0,1.6334760298059345,1125.4812221260072,0.0,26.03679345387664,3.9638521033590166,3.787021086044517,1.0466939616381161,-185.18088856282407
2025-02-11,3.9656577372224957,85.92305355539962,89.56018374060471,81.73556490867115,0.0,0.0,2.4985019277667266,1125.4812221260072,0.0,20.92305355539962,3.9670943029567396,3.7997471023082667,1.044041668074913,0.0
2025-02-12,3.967679134466321,88.06180809802683,91.36509414773502,83.56898002845558,1.2795168843259288,0.0,7.267123275197746,1125.4812221260072,0.0,23.06180809802683,3.971248408034782,3.8152510914997606,1.0408878243643198,0.0
2025-02-13,3.999590195336798,85.61573543381867,93.49141353990468,83.22876432492251,0.0,0.0,2.225771224513777,914.7474355955229,0.0,20.61573543381867,3.974360961762527,3.834221094888156,1.0365497615829216,-210.73378653048428
2025-02-14,3.946698593687052,82.40248391523548,86.90434660579382,76.46832958865603,0.0,0.0,6.596729677598321,914.7474355955229,0.0,17.40248391523548,3.971378068370592,3.8484945554114818,1.0319302810981816,-210.73378653048428
2025-02-15,4.068443469572442,83.7348357345324,89.47259668263143,79.30614568901058,0.0,0.0,1.0730551469997538,914.7474355955229,0.0,18.734835734532396,3.9896138260570218,3.8672140669655626,1.031650629360557,-210.73378653048428
2025-02-16,4.004284066026722,80.75868373295205,88.21198957129442,76.36021455968203,0.13355570238037248,0.0,2.201832431917736,914.7474355955229,0.0,15.75868373295205,3.9973390918178664,3.882978231157037,1.0294518418216196,-210.73378653048428
2025-02-17,3.927634388603721,87.76916469931697,94.02329948056835,85.19534852651537,0.0,0.0,2.1519510701826357,914.7474355955229,0.0,22.769164699316974,3.989330142645347,3.8947478473602217,1.0242845747637375,-210.73378653048428
2025-02-18,3.993322680357987,89.04030089121322,93.56220728830144,85.46685479396035,0.04592839088367069,0.0,10.306316765559016,914.7474355955229,0.0,24.04030089121322,3.9880766396495844,3.9061588014965425,1.020971456183926,0.0
2025-02-19,4.037024081340025,87.30349656132077,94.55661280661143,83.37102200130926,0.0,0.0,1.6557103768880432,914.7474355955229,0.0,22.30349656132077,4.0061417371801795,3.921719457881258,1.0215268532605672,0.0
2025-02-20,4.070672909707417,83.26370591912926,90.00736183838593,75.47611779345586,1.1393488267793461,0.0,4.0351390567730645,865.5011251469206,0.0,18.263705919129265,4.006587625207175,3.9375111815736212,1.0175431739614633,-49.246310448602344
2025-02-21,4.104575279607536,85.898850305856,93.19427793627135,82.67102400426995,0.0,0.0,2.3644815360664326,865.5011251469206,0.0,20.898850305856,4.026645867923337,3.955794519751078,1.0179107756529067,-49.246310448602344
2025-02-22,4.100042112580983,77.53541334936328,84.20412840237756,71.35784938850584,0.0,0.0,10.103787717855687,865.5011251469206,0.0,12.535413349363282,4.06112741271879,3.974694161219676,1.0217458873546614,-49.246310448602344
2025-02-23,4.042408489636095,86.075402963675,92.94923124532178,81.64287187281431,0.0,0.0,10.282699407196832,865.5011251469206,0.0,21.075402963675003,4.070944574574412,3.987605709017855,1.0208994749325613,-49.246310448602344
2025-02-24,4.043158402471981,88.14197125834686,95.76304027295123,85.28005898575776,0.0,0.0,6.061315794049209,865.5011251469206,0.0,23.141971258346857,4.072171438800803,3.998268421443651,1.018483755858109,-49.246310448602344
2025-02-25,3.998730339125517,84.1633526764884,87.5253539184252,81.92058763631074,0.0,0.0,7.812810737159605,865.5011251469206,0.0,19.1633526764884,4.057782924684423,4.004459119826909,1.0133161066855438,0.0
2025-02-26,4.053439162474845,80.21438029548332,85.18321639001059,75.222970517128,0.9844830227430973,0.0,5.255109678116664,865.5011251469206,0.0,15.214380295483323,4.047555701257885,4.009658740988956,1.0094514178679408,0.0
2025-02-27,4.040817358928979,83.81527951135303,88.48828145345912,76.05634058266803,0.0,0.0,8.544189292007692,660.9743248918852,0.0,18.815279511353026,4.035710750527484,4.014354178481601,1.0053200517683172,-204.52680025503537
2025-02-28,3.98748916646569,81.04648618816506,84.56723629972176,78.89590135890239,0.0,0.0,4.0457724720205315,660.9743248918852,0.0,16.046486188165062,4.024726885893402,4.014527265469981,1.002540677830526,-204.52680025503537
2025-03-01,3.9644076553107737,77.3137029790396,82.55516477520436,73.84636796279636,0.6926396073094007,0.0,3.451056610193125,660.9743248918852,0.0,12.313702979039604,4.00897673646116,4.014666995203184,0.9985826324452757,-204.52680025503537
2025-03-02,3.985385181911573,75.91765165488799,80.46271871755263,68.92008020935171,0.0,0.0,2.3493552624687606,660.9743248918852,0.0,10.91765165488799,4.006307705018372,4.015073020241748,0.9978168976805188,-204.52680025503537
2025-03-03,3.947763348087596,78.85091162176558,85.4916827534523,74.24105231436046,0.3241597556523671,0.0,3.0089385445123216,660.9743248918852,0.0,13.850911621765576,3.985172542140922,4.014178300785003,0.9927741728267503,-204.52680025503537
2025-03-04,3.8946317636978725,79.16256316446052,83.02183455638746,76.24086794272183,0.06643908564916963,0.0,1.9521877747382548,660.9743248918852,0.0,14.162563164460522,3.955935423094701,4.010525932246581,0.9863881919543406,0.0
2025-03-05,3.9054546357316497,70.8998635330228,77.06304802037046,63.901295002656326,0.0,0.0,4.638730099694065,660.9743248918852,0.0,5.8998635330227955,3.939528516947893,4.005819154266323,0.9834514153621168,0.0
2025-03-06,3.9163542693424356,86.91058512968095,93.12076529723153,83.97917976996999,1.2328485063661294,0.0,4.015276131399036,707.9956769620732,0.0,21.910585129680953,3.929917839754225,4.004301938049092,0.9814239536764037,47.02135207018796
2025-03-07,3.8821393181644304,76.38112791236706,78.65006018799093,70.4517445739347,0.0,0.0,1.2239421019283638,707.9956769620732,0.0,11.381127912367063,3.9092686670047967,3.9949867304786912,0.9785435924430158,47.02135207018796
2025-03-08,3.8500786591715928,81.13622504653429,84.14400592133167,78.90969426416507,0.0,0.0,6.078102907943722,707.9956769620732,0.0,16.136225046534292,3.889731729221596,3.987276460135935,0.9755360001019308,47.02135207018796
2025-03-09,3.8602032947573135,76.85088453400805,80.57052563508113,74.102361786712,0.0,0.0,1.667053064686723,707.9956769620732,0.0,11.850884534008046,3.8828460354334844,3.9839049054436146,0.9746332122857543,47.02135207018796
2025-03-10,3.769519873611736,80.10294640612486,86.47752641596924,73.35103985507214,0.0,0.0,2.1475781466720507,707.9956769620732,0.0,15.102946406124858,3.8556590830095017,3.972714765106302,0.9705350902297492,47.02135207018796
2025-03-11,3.6812736864934053,82.47075134388554,89.91776440198151,78.01420798554595,0.0,0.0,4.600508678923769,707.9956769620732,0.0,17.47075134388554,3.808642966439696,3.9549272453639714,0.9630121441309061,0.0
2025-03-12,3.6343686725625215,73.69622967644294,80.81439136458536,69.11569768445369,0.0,0.0,6.724480677815542,707.9956769620732,0.0,8.69622967644294,3.7590888373193136,3.9331120335067262,0.955754325148919,0.0
2025-03-13,3.617763482804073,73.8217836469764,78.15074209412934,68.04284677485164,0.0,0.0,4.802030926253547,597.6199778488742,0.0,8.8217836469764,3.7126258020458094,3.908771443666553,0.9498191069885752,-110.37569911319895
2025-03-14,3.632619576084215,76.14867481259127,79.43586849652775,69.02639700270878,0.0,0.0,2.7072703485434095,597.6199778488742,0.0,11.148674812591267,3.6671090583111905,3.8854003168417153,0.9438175629974815,-110.37569911319895
2025-03-15,3.7173425884454505,76.81226705276343,83.95873718209826,73.85113409727441,0.0,0.0,5.01701035420172,597.6199778488742,0.0,11.812267052763431,3.656673601277933,3.869147021782182,0.9450852037133546,-110.37569911319895
2025-03-16,3.765003805181834,74.03130919418047,79.78627428066856,66.75320076836547,0.0,0.0,2.936395236445945,597.6199778488742,0.0,9.031309194180466,3.673419625015619,3.8552392919176754,0.9528382927401594,-110.37569911319895
2025-03-17,3.7516091327282917,72.39430857090184,76.26547312099017,67.71783479288612,1.8839200756298646,0.0,4.466675186464419,597.6199778488742,0.0,7.394308570901842,3.696867717048773,3.8428832315978143,0.9620036556540569,-110.37569911319895
2025-03-18,3.746669799598392,68.18731201399821,70.74886462146816,62.51819338877796,1.0872641607064168,0.0,5.459091222935347,597.6199778488742,0.0,3.187312013998209,3.7226489804076364,3.8275447634539916,0.9725944986854453,0.0
2025-03-19,3.682719677064386,72.15306710333222,77.33858097025922,69.20558514399947,0.0,0.0,4.501310259045818,597.6199778488742,0.0,7.153067103332219,3.7326690006036713,3.8096398793607613,0.9797957599157626,0.0
2025-03-20,3.6778105282491045,68.29826834241517,74.78189610817032,64.60924886916297,0.0,0.0,9.670070263816049,530.1552396242886,0.0,3.29826834241517,3.724762588564402,3.7941559474499327,0.9817104621300107,-67.46473822458563
2025-03-21,3.656692649258159,70.88977620811208,78.64873708491338,63.072506312336664,0.0,0.0,1.804782818875965,530.1552396242886,0.0,5.889776208112082,3.703100357379667,3.7787701971473013,0.9799750088468572,-67.46473822458563
2025-03-22,3.6722574022227064,74.01397110608634,79.5347130759454,68.01584793218034,0.0,0.0,1.4358171401455675,530.1552396242886,0.0,9.013971106086345,3.6872300112785497,3.7631138081628586,0.9798348387126364,-67.46473822458563
2025-03-23,3.618825184953829,71.02235282079441,75.4685947314905,65.54842361982463,0.0660073600757804,0.0,2.4315815256847766,530.1552396242886,0.0,6.02235282079441,3.661661088349637,3.74666690000617,0.9773116175189225,-67.46473822458563
2025-03-24,3.6461876151525625,70.40746806891995,72.94782470981269,67.53426926201139,0.0,0.0,3.604449790691749,530.1552396242886,0.0,5.407468068919954,3.654354675967272,3.734244692578904,0.9786061109572177,-67.46473822458563
2025-03-25,3.734353589276979,64.19687192631184,69.7375658204686,56.46442864018091,0.0,0.0,4.613156058107838,530.1552396242886,0.803128073688157,0.0,3.665663288172847,3.7256896402561708,0.9838885259161854,0.0
2025-03-26,3.72402961971383,69.77842003737436,73.59342174977391,64.96058965611589,0.10271075757652652,0.0,0.7842889786160488,530.1552396242886,0.0,4.77842003737436,3.679130682263981,3.716073407774741,0.9900586663779385,0.0
2025-03-27,3.7443339623840286,66.2185608546833,71.05429517934387,63.18073530965907,0.0,0.0,3.660169810643747,491.8043865581023,0.0,1.2185608546833038,3.693545994296246,3.7091831399857207,0.9957842077084565,-38.35085306618629
2025-03-28,3.781944241230957,61.47679388360022,66.91710675947921,58.08251107839638,1.0299649563234548,0.0,6.580049406320288,491.8043865581023,3.523206116399777,0.0,3.7261698055516717,3.7057764190886893,1.0055031346084278,-38.35085306618629
2025-03-29,3.75407265226207,70.76943621770442,78.07133654843595,63.35354787761898,0.04111788610713525,0.0,3.164209635600307,491.8043865581023,0.0,5.769436217704424,3.7477468129735727,3.700469886963927,1.012775925072703,-38.35085306618629
